<?xml version="1.0" encoding="UTF-8"?>
<project-private xmlns="http://www.netbeans.org/ns/project-private/1">
    <editor-bookmarks xmlns="http://www.netbeans.org/ns/editor-bookmarks/2" lastBookmarkId="0"/>
    <open-files xmlns="http://www.netbeans.org/ns/projectui-open-files/2">
        <group>
            <file>file:/C:/Users/sebas/OneDrive/Documents/College%20Sophomore/CMPSC%20221/CourseSchedulerSebastianNiestepskisqn5332/CourseSchedulerTemplate/src/MainFrame.java</file>
            <file>file:/C:/Users/sebas/OneDrive/Documents/College%20Sophomore/CMPSC%20221/CourseSchedulerSebastianNiestepskisqn5332/CourseSchedulerTemplate/src/SemesterQueries.java</file>
            <file>file:/C:/Users/sebas/OneDrive/Documents/College%20Sophomore/CMPSC%20221/CourseSchedulerSebastianNiestepskisqn5332/CourseSchedulerTemplate/src/ScheduleQueries.java</file>
            <file>file:/C:/Users/sebas/OneDrive/Documents/College%20Sophomore/CMPSC%20221/CourseSchedulerSebastianNiestepskisqn5332/CourseSchedulerTemplate/src/StudentQueries.java</file>
        </group>
    </open-files>
</project-private>
